,mu,omega,alpha,gamma,beta,nu,delta
2024-04-01,-0.004857418434851429,-2.574757493666013,0.2981394790507885,-0.04217038274120528,0.6594484998624778,6.191433226773833,1.0000013390483224
